coordinates,created_at,hashtags,media,urls,favorite_count,id,in_reply_to_screen_name,in_reply_to_status_id,in_reply_to_user_id,lang,place,possibly_sensitive,retweet_count,retweet_id,retweet_screen_name,source,text,tweet_url,user_created_at,user_screen_name,user_default_profile_image,user_description,user_favourites_count,user_followers_count,user_friends_count,user_listed_count,user_location,user_name,user_screen_name,user_statuses_count,user_time_zone,user_urls,user_verified
,Sun Sep 20 04:05:05 +0000 2020,,,,1,1307531200282664960,BueschelJohn,1307530756026232800,1210937357479768000,en,,,0,,,"<a href=""https://mobile.twitter.com"" rel=""nofollow"">Twitter Web App</a>","@BueschelJohn Actually I live on the second floor in my loft apartment, but thanks to Covid19, my Bar is now my Mancave.",https://twitter.com/NWO_Watcher/status/1307531200282664960,Fri Jan 22 15:47:31 +0000 2010,NWO_Watcher,false,,9729,1557,2642,3,,NWO Watcher,NWO_Watcher,11311,,,false
,Sun Sep 20 04:04:45 +0000 2020,,,https://twitter.com/stridinstrider/status/1307447367407489025,0,1307531115759009794,,,,en,,false,0,,,"<a href=""http://twitter.com/download/iphone"" rel=""nofollow"">Twitter for iPhone</a>",Vote Amy McGrath &amp; unseat  Moscow Mitch! https://t.co/nF1Ppsll8G,https://twitter.com/cgreeneisen/status/1307531115759009794,Mon Jan 06 21:04:39 +0000 2014,cgreeneisen,true,,34029,135,556,0,,Christy Greeneisen,cgreeneisen,21218,,,false
,Sun Sep 20 04:04:02 +0000 2020,,,https://metro.co.uk/2020/09/19/hundreds-of-coronavirus-conspiracy-theorists-clash-with-police-in-london-13295873/?ito=article.mweb.share.top.twitter,3,1307530934774890497,,,,en,,false,5,,,"<a href=""https://mobile.twitter.com"" rel=""nofollow"">Twitter Web App</a>",Hundreds of coronavirus conspiracy theorists clash with police in London https://t.co/JmYHZDEXBB via @MetroUK,https://twitter.com/MartinG8177/status/1307530934774890497,Sat Oct 06 18:57:54 +0000 2018,MartinG8177,false,#RAFVeteran  https://t.co/TIL32CCzmh  #FollowYourDreams #Fibromyalgia #ISupportSmallBusinesses #MentalHealth  #SuicidePrevention @kickItOut #EveryOneIsEqual #RespectoEveryone,386295,12223,10540,53,"England, United Kingdom",TheGlovemeister #KindnessReallyMattersForever ‚ù§x‚ù§,MartinG8177,423379,,https://m.facebook.com/marty260,false
,Sun Sep 20 04:04:15 +0000 2020,USA berniesanders covid19 politics,https://twitter.com/PoliticsITN/status/1307530989799837696/photo/1,https://politicians.in-the.news/usa/in-town-hall-ossoff-stresses-need-for-voter-turnout-apolitical-cdc-146748-19-09-2020/,0,1307530989799837696,,,,en,,false,0,,,,"In Town Hall, Ossoff Stresses Need for Voter Turnout, Apolitical CDC https://t.co/dlIqek9KAX #USA #berniesanders #covid19 #politics https://t.co/1XuPkD0sWp",https://twitter.com/PoliticsITN/status/1307530989799837696,Wed Jul 08 21:59:55 +0000 2020,PoliticsITN,false,Politics News Digest. Complete coverage of politicians worldwide on the web. RT/Following ‚â† Endorsement.,4,30,27,0,,Politicians In The News,PoliticsITN,6608,,https://politicians.in-the.news/,false
,Sun Sep 20 04:04:45 +0000 2020,Pune PimpriChinchwad,,https://www.freepressjournal.in/mumbai/coronavirus-in-pune-and-pimpri-chinchwad-pmcs-covid-19-tally-rises-by-1658-984-new-cases-within-pcmc-limits,3,1307531117759610880,,,,en,,false,1,,,"<a href=""https://mobile.twitter.com"" rel=""nofollow"">Twitter Web App</a>","Coronavirus in Pune and Pimpri Chinchwad: PMC's COVID-19 tally rises by 1,658, 984 new cases within PCMC limits

#Pune #PimpriChinchwad 

https://t.co/wgxbt6Cmai",https://twitter.com/fpjindia/status/1307531117759610880,Mon May 09 14:15:05 +0000 2011,fpjindia,false,The voice of #Mumbai. The Free Press Journal is one of the oldest English daily newspapers from Mumbai with a heritage of more than 90 years.,599,19189,526,400,India,Free Press Journal,fpjindia,206757,,http://www.freepressjournal.in,true
,Sun Sep 20 04:04:09 +0000 2020,coronavirus covid19,,https://paper.li/FirstYearsU/1508990469?edition_id=53b59790-faf6-11ea-a0b4-002590a5ba2d,0,1307530963774210050,,,,en,,false,0,,,"<a href=""https://paper.li"" rel=""nofollow"">Paper.li</a>",The latest First Years University! https://t.co/SfiP0uIVjw Thanks to @edutecheditor #coronavirus #covid19,https://twitter.com/FirstYearsU/status/1307530963774210050,Thu Oct 26 01:27:44 +0000 2017,FirstYearsU,false,"First Year's Universities is a state licensed daycare located in Homewood, IL. Our mission is to provide high-quality childcare in a warm and safe environment.",0,10,60,0,"Homewood, IL",First Years U,FirstYearsU,1077,,https://www.firstyearsuniversity.com,false
,Sun Sep 20 04:04:07 +0000 2020,,https://twitter.com/BobbiefromIL/status/1307530956753047558/photo/1,https://www.nytimes.com/2020/04/11/us/politics/coronavirus-trump-response.html https://twitter.com/DrEricDing/status/1307506410981330948,2,1307530956753047558,JohnCornyn,1307479703654142000,13218102,en,,false,1,,,"<a href=""http://twitter.com/download/iphone"" rel=""nofollow"">Twitter for iPhone</a>","@JohnCornyn https://t.co/AUkag3qyKo 28yrold Physician dead...from COVID.Trump,.@SecAzar .@CDCDirector KNEW COVID Intel in Jan., but did NOTHING.Negligent Homicide. HoustonChron .@ExpressNews .@statesman .@dallasnews .@startelegram .@callerdotcom .@elpasotimes .@amarilloglobe .@ReporterNews https://t.co/dSeZffTMFh https://t.co/LoTH0haEpG",https://twitter.com/BobbiefromIL/status/1307530956753047558,Wed Jul 01 19:47:03 +0000 2015,BobbiefromIL,false,"Retired Elementary School Librarian, supporter of accountable project-based learning for ALL students and socially responsible government.",27427,215,1993,3,,Bobbie K,BobbiefromIL,30657,,,false
,Sun Sep 20 04:04:12 +0000 2020,,,https://youtu.be/7Lq3_rsBJ9w,1,1307530979448295425,,,,en,,false,1,,,"<a href=""http://twitter.com/download/iphone"" rel=""nofollow"">Twitter for iPhone</a>",Virologist Dr. Li-Meng Yan Claims Coronavirus Lab 'Cover-Up' Made Her Fl... https://t.co/nahReYG3gZ via @YouTube,https://twitter.com/kickman1981/status/1307530979448295425,Sat Feb 22 00:36:57 +0000 2020,kickman1981,false,,249,663,1083,0,,Kickman1981,kickman1981,3581,,,false
,Sun Sep 20 04:04:13 +0000 2020,,,https://bit.ly/2RTpMrj,0,1307530981113561088,,,,en,,false,0,,,"<a href=""https://ifttt.com"" rel=""nofollow"">IFTTT</a>","via Domain: Moving house during COVID-19 crisis? Expect a removalist to check if you‚Äôre eligible first
https://t.co/aBrn58xpCG",https://twitter.com/JVP73/status/1307530981113561088,Fri May 08 15:45:38 +0000 2009,JVP73,false,"Sales Director WA, SA and NT for https://t.co/z1nJsifkFZ I follow real estate marketing, innovative tech ideas and everything Aussie Rules.",315,1107,1070,216,"Perth, Western Australia",Jeroen van de Peppel,JVP73,50419,,http://www.domain.com.au,false
,Sun Sep 20 04:04:10 +0000 2020,,,,1,1307530969327349761,,,,en,,,0,,,"<a href=""https://mobile.twitter.com"" rel=""nofollow"">Twitter Web App</a>","Delhi records over 4,000 COVID-19 cases, 38 deaths in 24 hours; tally reaches 2.42 lakh",https://twitter.com/NoidaConnect/status/1307530969327349761,Sun May 10 01:00:46 +0000 2020,NoidaConnect,false,"Telegram: https://t.co/Lj5Y7UMLAV

Facebook: https://t.co/f2GavY5d95

Mobile: 91-88104-21540",25,186,5,1,Noida,NoidaConnect,NoidaConnect,1635,,http://noidaconnect.com,false
,Sun Sep 20 04:04:23 +0000 2020,,https://twitter.com/FerdeeyKE/status/1307531024545480704/photo/1,,41,1307531024545480704,,,,en,,false,34,,,"<a href=""https://buffer.com"" rel=""nofollow"">Buffer</a>",COVID19 https://t.co/7r1h9OZNEY,https://twitter.com/FerdeeyKE/status/1307531024545480704,Tue Oct 18 05:57:33 +0000 2016,FerdeeyKE,false,"#KOT
Mamba Mentality.
ŸÄŸÄ€Å€ÅŸÄŸÄŸÄŸÄŸÄŸÄŸÄŸÄŸÄŸÄŸÄŸÄŸÄŸÄŸÄŸÄŸÄŸÄŸÄŸÄŸÄŸ®ŸÄŸÄŸÄŸÄŸÄŸÄŸÄŸÄŸÄŸÄŸÄŸÄŸÄŸÄŸÄŸÄŸÄŸÄŸÄŸÄüíâ (RN) ŸÄŸÄŸ®ŸÄŸÄŸÄŸÄŸÄŸÄŸÄŸÄŸÄŸÄŸÄŸÄŸÄŸÄŸÄŸÄŸÄŸÄŸÄŸÄŸÄŸÄŸÄŸÄ€ÅŸÄŸÄŸÄŸÄŸÄŸÄŸÄŸÄŸÄŸÄŸÄŸÄŸÄŸÄŸÄŸÄŸÄŸÄŸÄŸÄŸÄ",9155,15324,7250,3,.“ì|¬π4‚úò,üïä .“ì|¬π4‚úò,FerdeeyKE,10273,,,false
,Sun Sep 20 04:04:56 +0000 2020,,,https://nypost.com/2020/04/23/nursing-homes-cant-reject-coronavirus-patients-cuomo-says/,0,1307531161690869763,justinputney,1307503227114455000,21277152,en,,false,0,,,"<a href=""http://twitter.com/download/iphone"" rel=""nofollow"">Twitter for iPhone</a>","@justinputney @DC_Draino It‚Äôs really sad how dumb you are. Like I legit feel bad for you.

https://t.co/0xPyugLMbC",https://twitter.com/cashton36/status/1307531161690869763,Mon Nov 03 21:01:33 +0000 2014,cashton36,false,"Husband, Father of 4, Owner of Undisputed Championship Wrestling and Unlimited Wrestling Action.",24584,176,478,2,,Chris Ashton,cashton36,8088,,http://www.ucwprowrestling.com,false
,Sun Sep 20 04:04:22 +0000 2020,,,https://twitter.com/JesseOSheaMD/status/1307441647098109952,1,1307531019856166912,,,,en,,false,0,,,"<a href=""http://twitter.com/download/iphone"" rel=""nofollow"">Twitter for iPhone</a>",Rest In Peace Angel https://t.co/aBGG1Z0m7U,https://twitter.com/SimplyMindy/status/1307531019856166912,Sat Nov 14 03:31:51 +0000 2015,SimplyMindy,false,"‚ÄúWarrior Woman!‚Äù Champion of voiceless. Ever growing, in flux! Battling Kidney cancer. A charming humble mess! Fibro Gal ‚ù§Ô∏è Dogs & Children! I speak GRACE!",13106,943,4757,18,In Line At Barnes and Noble,ShePaintsTheStarsüí´,SimplyMindy,49791,,,false
,Sun Sep 20 04:04:11 +0000 2020,,,,2,1307530974285107201,tarblondie,1307486265164681200,165119652,en,,,0,,,"<a href=""http://twitter.com/download/iphone"" rel=""nofollow"">Twitter for iPhone</a>","@tarblondie @ForkTrumpHesDun @LeeAMullen1 @murray_nyc @klingensmith_j @JoeBiden And look where we are?? 200K dead from Covid19, economic depression, race war, all because the electoral college let poorly educated, racist people in the red states win.",https://twitter.com/AllieBsn/status/1307530974285107201,Sat Apr 18 05:20:42 +0000 2020,AllieBsn,false,"RN BSN ü©∫üè©. Be smart, vote for the President & VP who tell you to wear a mask for your safety & others. 216K dead üò∑ #BidenHarris üåä #BLM #Resist #TrumpKnew",14688,219,322,1,Covid Land,Year of The Nurse,AllieBsn,5043,,,false
,Sun Sep 20 04:04:06 +0000 2020,COVID19 Coronavirus,,,0,1307530953175293953,,,,en,,,0,,,"<a href=""https://mobile.twitter.com"" rel=""nofollow"">Twitter Web App</a>","Due to #COVID19 aka #Coronavirus Ill be sending the first 500 people to like &amp; retweet this $300 -$1500 through (CashApp, Apple Pay #, Venmo drop all tags in comments) 
dm me and retweet and follow me to be able to see your dm",https://twitter.com/alex_dibbseonsa/status/1307530953175293953,Sat Jul 04 23:31:28 +0000 2020,alex_dibbseonsa,false,Iam a sugardaddy and iam more than happy to help you financially with money dm me now my dm is always open i dont ask for giftcards or any fees i use cashapp,795,222,504,2,,John Dibbseon,alex_dibbseonsa,1778,,,false
,Sun Sep 20 04:04:03 +0000 2020,AWS AZURE CLOUDADOPTION CLOUDCOMPUTING COVID19 DATAENCRYPTION DIGITAL DIGITALIZATION DLP IAM PUBLICCLOUD GOOGLE,https://twitter.com/xorlogics/status/1307530940571418624/photo/1,https://buff.ly/2yTpwmg,0,1307530940571418624,,,,en,,false,1,,,"<a href=""https://buffer.com"" rel=""nofollow"">Buffer</a>","Is Your Public Cloud Data Secure? 
#AWS #AZURE #CLOUDADOPTION #CLOUDCOMPUTING #COVID19 #DATAENCRYPTION #DIGITAL #DIGITALIZATION #DLP #IAM #PUBLICCLOUD #GOOGLE https://t.co/4PnMQDwuV2 https://t.co/bUwzwWA4iG",https://twitter.com/xorlogics/status/1307530940571418624,Wed Aug 03 16:12:32 +0000 2011,xorlogics,false,"Xorlogics is helping international businesses in Enterprise #Web #Applications, #CloudComputing, #BigData and #MobileSolutions to achieve high goals",282,4464,3761,678,"Belgium, USA, Pakistan",Xorlogics,xorlogics,16482,,http://www.xorlogics.com,false
,Sun Sep 20 04:04:03 +0000 2020,coronavirus,,,3,1307530940344918016,tedcruz,1307526245131915300,23022687,en,,,0,,,"<a href=""http://twitter.com/download/iphone"" rel=""nofollow"">Twitter for iPhone</a>","@tedcruz Trump lied to the American people. He downplayed the severity of the #coronavirus pandemic. 

Now, over 200,000 of our neighbors, family members, loved ones and friends have died. 

We have to vote him out.",https://twitter.com/DrWillTexas/status/1307530940344918016,Mon Jan 16 02:07:34 +0000 2017,DrWillTexas,false,,3519,179,994,3,"Texas, USA",Dr Will,DrWillTexas,8816,,,false
,Sun Sep 20 04:04:25 +0000 2020,,,https://twitter.com/sugaplumami/status/1307072689857757192,0,1307531031726170114,,,,en,,false,0,,,"<a href=""http://twitter.com/download/iphone"" rel=""nofollow"">Twitter for iPhone</a>",As in https://t.co/vontcFAqNY,https://twitter.com/og_naza/status/1307531031726170114,Thu Jan 13 18:01:29 +0000 2011,og_naza,false,StateNotSouthern,359,3871,192,22,üá≥üá¨,Naza,og_naza,56510,,,false
,Sun Sep 20 04:04:18 +0000 2020,,,https://twitter.com/lizziedearden/status/1307325666107576321,0,1307531002642927616,,,,en,,false,0,,,"<a href=""http://twitter.com/download/iphone"" rel=""nofollow"">Twitter for iPhone</a>",All the people who shouted ‚Äúall lives matter‚Äù because they felt the BLM protests excluded them have made up some reasons to have their own protest instead https://t.co/jFDPHaEUem,https://twitter.com/Brit_jock/status/1307531002642927616,Mon Nov 16 21:44:06 +0000 2009,Brit_jock,false,I tweet exclusively when I realised I haven‚Äôt tweeted for a while.,2179,162,409,3,"Liverpool, England",Nick thompson,Brit_jock,6023,,,false
,Sun Sep 20 04:04:51 +0000 2020,,,,0,1307531139620450310,MysterySolvent,1307524775993106400,1094713876132872200,en,,,0,,,"<a href=""http://twitter.com/download/android"" rel=""nofollow"">Twitter for Android</a>",@MysterySolvent COVID-19 cleanse,https://twitter.com/lo_rainne/status/1307531139620450310,Wed Mar 02 00:38:57 +0000 2011,lo_rainne,false,Employee of Thermo Fisher Scientific/ views are my own.  She/her pronouns.,105522,49,596,0,,Lorraine,lo_rainne,2351,,,false
,Sun Sep 20 04:04:16 +0000 2020,,,https://twitter.com/NBCNews/status/1307522411928190977,0,1307530994447122432,,,,en,,false,0,,,"<a href=""http://twitter.com/download/android"" rel=""nofollow"">Twitter for Android</a>",Another Super Spreader event. https://t.co/LOZjUFEarJ,https://twitter.com/DemFelicia/status/1307530994447122432,Wed Nov 30 02:23:20 +0000 2016,DemFelicia,false,,141297,895,1456,3,"Lake Forest, CA",Felicia Valentina,DemFelicia,27392,,,false
,Sun Sep 20 04:05:05 +0000 2020,covid19,,,0,1307531198579830784,,,,en,,,0,,,"<a href=""https://www.socialoomph.com"" rel=""nofollow"">SocialOomph</a>","""The metrics right here. That's my metrics. That's all I can do.""
‚Äî Donald Trump while pointing to his head

#covid19",https://twitter.com/RightWingQuotes/status/1307531198579830784,Fri Nov 19 20:51:55 +0000 2010,RightWingQuotes,false,Sad to say but I am NOT a parody account. #TCOT #CCOT #Election2020 #Trump #Trump2020 #TrumpPence #GOP #MAGA #KAG,130,22528,11362,381,Right Coast USA,Republican Quotes,RightWingQuotes,31309,,,false
,Sun Sep 20 04:04:46 +0000 2020,,,https://twitter.com/IsaacDovere/status/1307497609561624580,91,1307531120662048778,,,,en,,false,38,,,"<a href=""https://mobile.twitter.com"" rel=""nofollow"">Twitter Web App</a>","Good news everyone. If you are a fan of liberal Supreme Court justices, you can‚Äôt spread the coronavirus in a crowd. It‚Äôs science. Science, I tell you. https://t.co/JmsPRCnQYl",https://twitter.com/VictorJoecks/status/1307531120662048778,Fri Feb 13 22:26:33 +0000 2009,VictorJoecks,false,"Christian, husband, father, @ReviewJournal columnist. Fan of ultimate frisbee, hiking and @OKCThunder.

If you find logic offensive, please don't follow me.",59,3141,455,58,Las Vegas,Victor Joecks,VictorJoecks,14189,,https://www.reviewjournal.com/opinion/opinion-columns/victor-joecks/,true
,Sun Sep 20 04:04:26 +0000 2020,,,,0,1307531035085807616,BallouxFrancois,1307454250369376300,1113747629282930700,en,,,0,,,"<a href=""https://mobile.twitter.com"" rel=""nofollow"">Twitter Web App</a>","@BallouxFrancois Maybe ensuring the elderly die from heart failure or cancer instead of coronavirus complications is not worth halting everything else we care about. We can do things to save them, and those may be more effective than lockdowns, but lockdowns aren't worth it. Someone has to say it",https://twitter.com/PartofIm/status/1307531035085807616,Wed Jul 15 18:47:31 +0000 2020,PartofIm,false,We all know this Covid response is wrong. Let's talk about how to stop it.,344,42,62,0,,ImNotPartofThis,PartofIm,1662,,,false
,Sun Sep 20 04:04:33 +0000 2020,,,https://airwaysmag.com/airlines/ac-to-offer-free-covid-19-insurance/,2,1307531067193204739,,,,en,,false,0,,,"<a href=""http://twitter.com/#!/download/ipad"" rel=""nofollow"">Twitter for iPad</a>",Air Canada to Offer Travelers Free COVID-19 Insurance https://t.co/DX6tb1WlOz,https://twitter.com/airlinegossip/status/1307531067193204739,Fri Aug 14 08:32:45 +0000 2009,airlinegossip,false,"unofficial news, tidbits affecting the airline industry. For those who work there and those who travel - EVERYBODY!",10598,30542,1663,687,39000 FEET,Airline Gossip,airlinegossip,92438,,http://www.airlinegossip.com,false
,Sun Sep 20 04:04:21 +0000 2020,,,https://www.google.com/amp/s/www.newindianexpress.com/world/2020/apr/01/discrimination-amid-pandemic-pakistan-deny-food-supplies-to-hindus-christians-as-coronavirus-rages-2124304.amp,0,1307531016291016705,Thoriq52188532,1307530555483807700,1265569084411912200,en,,false,0,,,"<a href=""http://twitter.com/download/android"" rel=""nofollow"">Twitter for Android</a>","@Thoriq52188532 @quranandbibleb1 this is how you treat people
https://t.co/1EeOZhY6XS",https://twitter.com/josephm92594689/status/1307531016291016705,Sat Feb 29 01:22:33 +0000 2020,josephm92594689,false,,1666,156,2815,0,,march_max,josephm92594689,2545,,,false
,Sun Sep 20 04:05:02 +0000 2020,,,https://www.northcountrynow.com/news/three-covid-19-cases-reported-st-lawrence-county-thursday-sept-17-0286712,0,1307531185736896513,,,,en,,false,0,,,"<a href=""https://www.hootsuite.com"" rel=""nofollow"">Hootsuite Inc.</a>","Three COVID-19 cases reported in St. Lawrence County Thursday, Sept. 17
https://t.co/skZEIstACh",https://twitter.com/RedLights4FF/status/1307531185736896513,Tue Sep 26 22:04:02 +0000 2017,RedLights4FF,false,"Place a red light outside of your home or business to support the firefighters everywhere. We support 1st responders in Fire, EMS and Dispatch.",3401,298,614,2,"PO Box 157 Watertown, NY",RedLights4FF,RedLights4FF,27415,,https://www.redlightsforfirefighters.com,false
,Sun Sep 20 04:04:20 +0000 2020,COVID19,https://twitter.com/kathrynguylay/status/1307531010645655552/photo/1,,1,1307531010645655552,,,,en,,false,0,,,"<a href=""https://www.socialjukebox.com"" rel=""nofollow"">The Social Jukebox</a>","Be kind ‚Äì it's easy and free ‚Äì and we all could use a little kindness, especially during these challenging times.
#COVID19 https://t.co/bZRWvnGEO1",https://twitter.com/kathrynguylay/status/1307531010645655552,Fri Jan 23 22:44:47 +0000 2015,kathrynguylay,false,Peak Performance Coach | https://t.co/KxVADa7vik | Certified in #Brainspotting  | Podcaster| Bestselling Author,7297,10073,9942,191,Sun Valley Idaho,"Kathryn Guylay, MBA, PhD",kathrynguylay,41573,,http://www.makeeverythingfun.com,false
,Sun Sep 20 04:04:44 +0000 2020,,,https://www.nbcnews.com/health/health-news/u-s-covid-19-death-toll-surpasses-200-000-n1240034?cid=sm_npd_nn_fb_ma&fbclid=IwAR39H22pzxcjohlKBLe5vktnOPvpNqdn4DhfWfxRv68Zj2LRan-AYu8hK8k,0,1307531113397714945,,,,en,,false,0,,,"<a href=""https://mobile.twitter.com"" rel=""nofollow"">Twitter Web App</a>","U.S. Covid-19 death toll surpasses 200,000 https://t.co/1lskLJDANb",https://twitter.com/EdwardARowe1/status/1307531113397714945,Mon Jan 20 00:14:20 +0000 2014,EdwardARowe1,false,"Managing Principal at ARK Real Estate Advisors, MBA University of Chicago - Booth School of Business, Northwestern University - Kellogg School of Management-",193573,2231,1929,112,"Chicago, IL",Edward A. Rowe,EdwardARowe1,374787,,http://www.linkedin.com/in/edwardarowe,false
,Sun Sep 20 04:04:05 +0000 2020,,https://twitter.com/nypost/status/1307530947999543297/photo/1,https://trib.al/qjaKb9x,24,1307530947999543297,,,,en,,false,14,,,"<a href=""http://www.socialflow.com"" rel=""nofollow"">SocialFlow</a>",Over half of coronavirus-infected pregnant women showed no symptoms https://t.co/07vQkyLVvM https://t.co/hIHDHtx8SA,https://twitter.com/nypost/status/1307530947999543297,Tue Nov 18 19:46:36 +0000 2008,nypost,false,"Breaking news & features from The New York Post. Follow your favorite sections: @pagesix, @nypmetro, @nypostbiz, @nypostsports, @nypfashion, @nypostopinion",1988,1776355,11469,18397,"New York, NY",New York Post,nypost,348493,,http://www.nypost.com,true
,Sun Sep 20 04:04:50 +0000 2020,Coronavirus Teachers School America,,https://www.newsbreakapp.com/n/0X1KsK8G?s=a2&pd=04HkiuE9,0,1307531138550784000,,,,en,,false,0,,,"<a href=""http://twitter.com/download/android"" rel=""nofollow"">Twitter for Android</a>","#Coronavirus Has Killed 7 #Teachers Since #School Year Began
#America https://t.co/Fz9FLFXLwT",https://twitter.com/BurikoBurino/status/1307531138550784000,Wed May 20 21:19:41 +0000 2020,BurikoBurino,false,"Rising Sun - Sol Naciente
Silent Majority - Leave me alone 
Twitter is a Dangerous Propaganda Tool for them
My tweets are just my bookmarks
I like slopes",33,11,228,0,Secret Base,Buriko Burino „Éñ„É™Â≠ê,BurikoBurino,2587,,,false
,Sun Sep 20 04:04:28 +0000 2020,QCStrong BTS2020 ReopeningSchools COVID19 community BeTheChangeYouWantToSee Parents,https://twitter.com/nycprincipal/status/1307531044384628737/photo/1,,4,1307531044384628737,,,,en,"Queens, NY",false,0,,,"<a href=""http://twitter.com/download/iphone"" rel=""nofollow"">Twitter for iPhone</a>","Parent meeting this morning‚Äî full meeting w lots of info and questions. At the end, one asks, ‚Äúwhat can we do to help?‚Äù I‚Äôm so blessed to be in a great community.  #QCStrong #BTS2020 #ReopeningSchools #COVID19 #community #BeTheChangeYouWantToSee #Parents https://t.co/i9caMUBZPu",https://twitter.com/nycprincipal/status/1307531044384628737,Mon Mar 31 02:40:40 +0000 2008,nycprincipal,false,"Mother, Proud Founding Principal of Queens Collegiate. Passionate about #traumainformed #education #coaching. ICF certified coach.  My tweets are my own.",1160,628,754,25,"Queens, NY",Jaime Dubei,nycprincipal,1089,,,false
,Sun Sep 20 04:04:53 +0000 2020,,,https://www.bostonmagazine.com/news/2020/09/09/alina-chan-broad-institute-coronavirus/,1,1307531149695053824,,,,en,,false,1,,,"<a href=""http://twitter.com/#!/download/ipad"" rel=""nofollow"">Twitter for iPad</a>",Could COVID-19 Have Escaped from a Lab? https://t.co/ycWbDat55I,https://twitter.com/GribbM/status/1307531149695053824,Thu Jan 29 11:36:19 +0000 2015,GribbM,false,PhD UQ; Retired Psychologist; AFL fan (Brisbane Lions); avid Golfer.,2969,60,99,0,Australia,Mark Gribble,GribbM,2486,,,false
,Sun Sep 20 04:04:30 +0000 2020,,,https://twitter.com/ElRaynerista/status/1307383896393342983,0,1307531051753857025,,,,en,,false,0,,,"<a href=""https://mobile.twitter.com"" rel=""nofollow"">Twitter Web App</a>","Covid covid
Can't wait
Covid covid 
Get great https://t.co/Pibnz923eY",https://twitter.com/horsecoffin/status/1307531051753857025,Fri Oct 29 00:13:47 +0000 2010,horsecoffin,false,"Used to work for the city of victoria interesting meeting union movie actress's,  Kicked out by shitbags after 21 years of civil service to god and mostly satan",357,24,1612,1,victoria b.c. canada,Dennis,horsecoffin,70,,,false
,Sun Sep 20 04:04:15 +0000 2020,,,https://twitter.com/AP/status/1307530194039775235,2,1307530992169766912,,,,en,,false,1,,,"<a href=""https://mobile.twitter.com"" rel=""nofollow"">Twitter Web App</a>","FTR, Melbourne is a city of ~5 million people. https://t.co/WHD8EunoVh",https://twitter.com/ChitownKev/status/1307530992169766912,Wed Sep 30 22:01:17 +0000 2009,ChitownKev,false,Lifelong Michigan Wolverine fan/ graduate of Loyola U.-Chicago. I ALWAYS have...questions. Retweets are not necessarily endorsements. Pronouns: He/HIm,38425,828,620,5,"Illinois, USA",Chitown Kev,ChitownKev,29741,,,false
,Sun Sep 20 04:04:53 +0000 2020,,,https://www.oecd.org/coronavirus/policy-responses/the-potential-of-online-learning-for-adults-early-lessons-from-the-covid-19-crisis-ee040002/ https://www.proactiveinvestors.com.au/companies/amp/news/928488?__twitter_impression=true https://www.fool.com.au/2020/09/08/the-openlearning-asx-oll-share-price-is-storming-higher-again-this-week/,0,1307531147732119553,IrishInvestor,1307530766017007600,458068232,en,,false,0,,,"<a href=""http://twitter.com/download/android"" rel=""nofollow"">Twitter for Android</a>","@IrishInvestor @henrikfisker The potential of online learning for adults: lessons from the COVID-19 crisis.
https://t.co/LsaBMZeuNT

Good short interview with CEO Adam Brimo on the current business of OpenLearning.
https://t.co/m5C7lxEkbq

Motley fool article on OpenLearning=ASX$OLLüöÄ
https://t.co/YQ6TGwXnWs",https://twitter.com/EdgeLithium/status/1307531147732119553,Sun Jan 19 13:38:01 +0000 2020,EdgeLithium,false,"Specialising in superior quality, Leading edge Lithium ion (LiFePO4) technology",16067,133,1059,3,"Queensland, Australia",Leading edge Lithium Australia,EdgeLithium,108109,,https://leadingedgelithium.com.au/,false
,Sun Sep 20 04:04:28 +0000 2020,,https://twitter.com/Maula_Haykal/status/1307531046053752832/photo/1,https://twitter.com/firdzaradiany/status/1307182228741345281,0,1307531046053752832,,,,en,,false,0,,,"<a href=""http://twitter.com/download/android"" rel=""nofollow"">Twitter for Android</a>",Government rn: https://t.co/bnuppoXcKE https://t.co/jsGVCWPS99,https://twitter.com/Maula_Haykal/status/1307531046053752832,Mon Feb 04 13:15:07 +0000 2013,Maula_Haykal,false,"The World was Built on Hypocrisy, and then We Search the Justifications for our Hypocrisy.",6809,134,392,0,Epsilon Eridani,Name cannot be blank,Maula_Haykal,7247,,,false
,Sun Sep 20 04:04:31 +0000 2020,,,https://twitter.com/AnneHut09743681/status/1307493069575593990,0,1307531057600884739,,,,en,,false,0,,,"<a href=""https://mobile.twitter.com"" rel=""nofollow"">Twitter Web App</a>","Especially given that they receive 2x the federal dollars they send to DC! The balance comes from Blue states like NY,NJ,CT,CA etc! https://t.co/WFGcqg8Ox9",https://twitter.com/skifernie1/status/1307531057600884739,Thu Feb 23 04:08:51 +0000 2012,skifernie1,true,,889,5,29,0,,John,skifernie1,3898,,,false
,Sun Sep 20 04:04:34 +0000 2020,,,https://www.reddit.com/r/nycCoronavirus/comments/ivtqgq/update_7_here_we_go_again_from_a_manhattan/,4,1307531071282651136,,,,en,,false,1,,,"<a href=""https://mobile.twitter.com"" rel=""nofollow"">Twitter Web App</a>","Reddit poster who claims to be a NYC doctor says that there has been a sudden new surge of coronavirus patients coming into the hospital.

https://t.co/t7fupTn70t",https://twitter.com/LionBlogosphere/status/1307531071282651136,Sun Feb 14 02:16:37 +0000 2016,LionBlogosphere,false,"Retweet all of my tweets to help me become a viable presidential candidate for 2024.

(Please don't send money, we could go to jail for that. Just retweet me.)",690,1111,95,10,,Lion for President 2024,LionBlogosphere,9081,,https://lionoftheblogosphere.wordpress.com,false
,Sun Sep 20 04:04:39 +0000 2020,ENMNEWS,,https://www.enmnews.com/2020/09/20/emmy-awards-virtual-ceremony-could-end-up-a-beautiful-disaster/,0,1307531089217490948,,,,en,,false,0,,,"<a href=""https://www.blog2social.com"" rel=""nofollow"">Blog2Social APP</a>","Talk show host Jimmy Kimmel has said this year's Emmy Awards, which is taking place virtually because of the coronavirus pandemic, could end up a ""beautiful disaster"".Kimmel,  #ENMNEWS https://t.co/1D1jFUZQ22",https://twitter.com/Newsenm/status/1307531089217490948,Thu Jan 24 17:05:12 +0000 2019,Newsenm,false,The latest international news in one place,44,236,972,4,United States,ENM News,Newsenm,96367,,https://www.enmnews.com/,false
,Sun Sep 20 04:04:28 +0000 2020,‡∏™‡∏≤‡∏¢‡∏î‡πà‡∏ß‡∏ô1111 ‡∏®‡∏π‡∏ô‡∏¢‡πå‡∏Ç‡πâ‡∏≠‡∏°‡∏π‡∏•COVID19 COVID19 ‡πÇ‡∏Ñ‡∏ß‡∏¥‡∏î19 StayAtHome NewNormal,https://twitter.com/GCC_1111/status/1307531044036329472/photo/1,,2,1307531044036329472,,,,en,,false,1,,,"<a href=""https://mobile.twitter.com"" rel=""nofollow"">Twitter Web App</a>","Global situation, 20 SEPTEMBER 2020 10.00 A.M.
- Confirmed   30,981,830 cases.
- Deaths  961,337 cases.
- Recovered 22,582,005 cases.

#‡∏™‡∏≤‡∏¢‡∏î‡πà‡∏ß‡∏ô1111 #‡∏®‡∏π‡∏ô‡∏¢‡πå‡∏Ç‡πâ‡∏≠‡∏°‡∏π‡∏•COVID19 #COVID19 #‡πÇ‡∏Ñ‡∏ß‡∏¥‡∏î19 #StayAtHome #NewNormal https://t.co/OXNePFV2Bi",https://twitter.com/GCC_1111/status/1307531044036329472,Wed Mar 24 06:18:46 +0000 2010,GCC_1111,false,‡∏™‡∏≠‡∏ö‡∏ñ‡∏≤‡∏°‡∏Ç‡πâ‡∏≠‡∏°‡∏π‡∏•‡∏†‡∏≤‡∏Ñ‡∏£‡∏±‡∏ê ‡∏´‡∏£‡∏∑‡∏≠‡∏£‡πâ‡∏≠‡∏á‡πÄ‡∏£‡∏µ‡∏¢‡∏ô‡∏ï‡πà‡∏≤‡∏á‡πÜ ‡πÑ‡∏î‡πâ‡∏ó‡∏µ‡πà ‡πÇ‡∏ó‡∏£.1111 (‡πÇ‡∏ó‡∏£‡∏ü‡∏£‡∏µ 24 ‡∏ä‡∏°.),2,125388,343,351,,‡∏™‡∏≤‡∏¢‡∏î‡πà‡∏ß‡∏ô‡∏†‡∏≤‡∏Ñ‡∏£‡∏±‡∏ê ‡πÇ‡∏ó‡∏£. 1111 ‡∏ü‡∏£‡∏µ,GCC_1111,67416,,,true
,Sun Sep 20 04:04:14 +0000 2020,America USA COVID19,,https://www.forbes.com/sites/jemimamcevoy/2020/09/18/canada-mexico-extend-restrictions-on-us-visitors-here-are-all-the-countries-curbing-american-travel/,3,1307530987690024960,,,,en,,false,0,,,"<a href=""http://twitter.com/download/android"" rel=""nofollow"">Twitter for Android</a>","How is that FREEDOM to not wear a mask working out for you America? #America #USA #COVID19
https://t.co/xIv6HqlPHA",https://twitter.com/GrahamLinux/status/1307530987690024960,Tue Dec 09 07:32:23 +0000 2014,GrahamLinux,false,"Producer of music. Interests are Technology & Science, reading novels, Linux and open source, Elite Dangerous the Space Game. Equality is not a dirty word.",22811,253,226,2,"Vancouver, Canada.","CMDR Royal Mons, Graham Linux üá®üá¶",GrahamLinux,161,,,false
,Sun Sep 20 04:04:38 +0000 2020,,,https://zla.biz/a-fall-twindemic-as-us-nears-200000-coronavirus-deaths-experts-fear-covid-19-flu-may-be-a-deadly-combo-usa-today/,0,1307531087900540928,,,,en,,false,0,,,"<a href=""http://publicize.wp.com/"" rel=""nofollow"">WordPress.com</a>","A fall ‚Äòtwindemic‚Äô? As US nears 200,000 coronavirus deaths, experts fear COVID-19, flu may be a deadly combo ‚Äì USA¬†TODAY https://t.co/N47XQL8k6c",https://twitter.com/zlabiz/status/1307531087900540928,Mon Aug 02 22:54:37 +0000 2010,zlabiz,false,Official Twitter Account of Zla (News Aggregation Website Providing Real Time News via Google Feeds from Thousands of News Sources Globally as It Happens ),0,66,42,1,Global,Zla Official,zlabiz,231800,,https://zla.biz,false
,Sun Sep 20 04:04:38 +0000 2020,testing COVID19 COVID CovidUK CovidTesting covidtest,,https://twitter.com/stephento1892/status/1307429960227880960,0,1307531085065187329,,,,en,,false,0,,,"<a href=""http://twitter.com/download/iphone"" rel=""nofollow"">Twitter for iPhone</a>",No one in the test queues on tv looks very symptomatic. I had a form of flu in February and could barely drag my corpse to the bathroom...#testing #COVID19 #COVID #CovidUK #CovidTesting #covidtest https://t.co/zKC1JlQFpx,https://twitter.com/Harlexyrocks/status/1307531085065187329,Sat Jul 04 08:33:29 +0000 2009,Harlexyrocks,false,"Former avid traveller enjoying wine üç∑ and food ü•ò
Retweets and follows not always endorsement.",25834,1510,4649,48,,Harlexyrocks,Harlexyrocks,35626,,,false
,Sun Sep 20 04:04:16 +0000 2020,,,https://twitter.com/globalnetworkdr/status/1303618639304818688,1,1307530995550138368,,,,en,,false,0,,,"<a href=""http://twitter.com/download/iphone"" rel=""nofollow"">Twitter for iPhone</a>",Looking forward for you all to join at the Summit! Do visit VFL virtual booth and discussions on Making development risk informed on 20th October 2020! Register! https://t.co/rCWCaxO80E,https://twitter.com/ShivangiCha/status/1307530995550138368,Tue Dec 29 12:03:26 +0000 2009,ShivangiCha,false,Project Management Specialist ; 20 years of experience in Humanitarian & Dev Sector; Working at GNDR and leading 50 country  program VFL 2019.,219,145,482,2,"New Delhi, India",Shivangi,ShivangiCha,416,,,false
,Sun Sep 20 04:04:23 +0000 2020,,,https://bit.ly/35OcaFK,0,1307531025208098816,,,,en,,false,0,,,"<a href=""https://mobile.twitter.com"" rel=""nofollow"">Twitter Web App</a>","Adomonline.com-Human rights summit on Covid-19 and abuses opens in Accra
https://t.co/XSGW4O5hy4",https://twitter.com/kimmiseong3/status/1307531025208098816,Fri Aug 21 05:49:43 +0000 2020,kimmiseong3,true,,20,8,82,0,,kim mi seong,kimmiseong3,263,,,false
,Sun Sep 20 04:04:13 +0000 2020,,,https://twitter.com/SarahEdmondsPhD/status/1307494931947122688,1,1307530981272956930,,,,en,,false,0,,,"<a href=""http://twitter.com/download/iphone"" rel=""nofollow"">Twitter for iPhone</a>","As the old saying goes. If you look deep enough, you will find what you are looking for. This is criminal. 40? This isn‚Äôt a smoking gun, it‚Äôs line of revolution era muskets going off at once. @KeithMalinak @PatUnleashed https://t.co/FnyCgBStLY",https://twitter.com/CPhillErUp2/status/1307530981272956930,Sun Sep 13 18:24:47 +0000 2020,CPhillErUp2,false,"Loyalty - two way street. Voting for Trump, but no other Republican in Congress...nor a Democrat. Repub voters are hypocrites. Dem just want the world 2 burn",625,63,246,0,,Chad Phillips,CPhillErUp2,2018,,,false
,Sun Sep 20 04:05:00 +0000 2020,,,,0,1307531179478913024,CKWS_TV,1307337097901113300,66724335,en,,,0,,,"<a href=""http://twitter.com/download/iphone"" rel=""nofollow"">Twitter for iPhone</a>",@CKWS_TV And yet they are allowing a music festival to be happening right NOW with a 100 people that are anti-maskers and covid-19 deniers so they can infect more people!? How is that keeping the city and region safe??,https://twitter.com/naughtabot/status/1307531179478913024,Fri Mar 09 15:50:35 +0000 2018,naughtabot,false,This account was set up by a bot. I am now its overlord,180,2,117,0,Earth,Roxy,naughtabot,55,,,false
,Sun Sep 20 04:04:55 +0000 2020,,,https://twitter.com/SkyNewsAust/status/1307491314167021569,0,1307531158746406912,,,,en,,false,0,,,"<a href=""https://mobile.twitter.com"" rel=""nofollow"">Twitter Web App</a>","Well, SOME of the state. It seems you only have to behave if you were born here.

@SkyNewsAust https://t.co/g8P4xsHCo5",https://twitter.com/Campbells_AU/status/1307531158746406912,Mon Sep 23 17:06:31 +0000 2013,Campbells_AU,false,Unapologetically nationalist and what you might term a compassionate conservative.,443,226,261,8,,Close the Borders NOW!,Campbells_AU,9592,,,false
,Sun Sep 20 04:04:10 +0000 2020,,,,1,1307530969767788544,anandmahindra,1306816694732517400,34197952,en,,,0,,,"<a href=""http://twitter.com/download/android"" rel=""nofollow"">Twitter for Android</a>","@anandmahindra Sir really don't know..We all have google to ans with knowlegeable stuff.
What I believe:
-This quiz has made this morning excitement from daily routine during this Covid19.
-This quiz = Excitement and 
Pics=  keeping safety , being sportive in life.
Prize = Goal for todayüòéüôè",https://twitter.com/UllasVishwakar1/status/1307530969767788544,Fri Aug 19 17:16:29 +0000 2016,UllasVishwakar1,false,,523,14,30,0,"‡§Æ‡•Å‡§Ç‡§¨‡§à, ‡§≠‡§æ‡§∞‡§§",UV,UllasVishwakar1,95,,,false
,Sun Sep 20 04:04:21 +0000 2020,Gloucestershire,,https://ift.tt/32MEINT,0,1307531014923747329,,,,en,,false,0,,,"<a href=""https://ifttt.com"" rel=""nofollow"">IFTTT</a>",The Covid-19 case increases in Gloucestershire compared to the UK https://t.co/fWImz9xJIP #Gloucestershire,https://twitter.com/News4Cheltenham/status/1307531014923747329,Sat May 12 15:42:59 +0000 2012,News4Cheltenham,false,The one stop news source for everything Cheltenham. What we don't know about Cheltenham isn't worth knowing,6,6269,20,112,Cheltenham,News for Cheltenham,News4Cheltenham,45188,,,false
,Sun Sep 20 04:04:11 +0000 2020,,,https://www.thedenverchannel.com/news/local-news/colorados-unemployment-rate-fell-to-6-7-in-august-as-state-added-nearly-37k-jobs?utm_source=maropost&utm_medium=email&category=coronavirus-newsletter,0,1307530972225650689,,,,en,,false,0,,,"<a href=""https://mobile.twitter.com"" rel=""nofollow"">Twitter Web App</a>",I hope other states will experience the spring back like we have here. https://t.co/I5RWjLM6mK,https://twitter.com/BFTECosmetics/status/1307530972225650689,Thu May 21 18:31:45 +0000 2009,BFTECosmetics,false,Owner of BFTE Cosmetics; 3 Fur-Babies; Loves the Mountains; Goofball,11161,3579,224,141,"Colorado, USA",Kimberly Purcell,BFTECosmetics,12696,,http://www.BFTEcosmetics.com,false
,Sun Sep 20 04:05:00 +0000 2020,Covid migration repatriation UAE Dubai DXB,,https://www.khaleejtimes.com/coronavirus-pandemic/covid-19-reverse-migration-repatriation-go-side-by-side-,0,1307531177272782848,,,,en,,false,0,,,"<a href=""http://www.powerapps.com"" rel=""nofollow"">Microsoft Power Platform</a>","#Covid-19: Reverse #migration, #repatriation go side by side 

https://t.co/AGwgt80scQ #UAE #Dubai #DXB",https://twitter.com/iShujaAhmedCh/status/1307531177272782848,Sun Aug 02 20:52:11 +0000 2009,iShujaAhmedCh,false,Co-founder @ideatolifeme | #Cycling | #RunningEnthusiast | #ITEvangelist | #ProudHusband of a CA | Supports #GirlPower | #ProudFather of 2 Daughters,6,323,582,3,"Dubai, UAE",Shuja Ahmed Ch.,iShujaAhmedCh,14703,,,false
,Sun Sep 20 04:04:11 +0000 2020,,,http://twib.in/l/BKkbGqgqqRyA,0,1307530975178641408,,,,en,,false,0,,,"<a href=""http://twibble.io"" rel=""nofollow"">Twibble.io</a>","Trump knew testing Covid-19 vaccines would take months, Woodward book shows https://t.co/idLNiLJjkj",https://twitter.com/FitLifestyle9/status/1307530975178641408,Sun Sep 02 17:35:45 +0000 2018,FitLifestyle9,false,Learn how you can lose 21 LBS is just 3 weeks with this simple trick.,0,5,0,0,,Fit Lifestyle,FitLifestyle9,2786,,http://tcpros.co/UUhbe,false
,Sun Sep 20 04:04:33 +0000 2020,honorssocialmedia,,https://www.research.ox.ac.uk/Article/2020-07-20-new-study-reveals-oxford-coronavirus-vaccine-produces-strong-immune-response,0,1307531067453128704,,,,en,,false,0,,,"<a href=""https://mobile.twitter.com"" rel=""nofollow"">Twitter Web App</a>","I have never used reddit before, I wanted to see if I could find research on COVID. I found it hard to find legit sources. I did find this paper though I thought the article was good but sample size was to small.
 #honorssocialmedia https://t.co/Bqfe08L6vi",https://twitter.com/AidenCasius/status/1307531067453128704,Tue Aug 25 19:10:43 +0000 2020,AidenCasius,true,,1,4,16,0,,Aiden Casius Smith,AidenCasius,34,,,false
,Sun Sep 20 04:04:37 +0000 2020,coronavirus ACA PreExistingConditions,,,0,1307531083295023104,ElieNYC,1307194955459375000,40353407,en,,,0,,,"<a href=""http://twitter.com/download/android"" rel=""nofollow"">Twitter for Android</a>","@ElieNYC Anyone lucky enough to survive Covid19 will have residual effects, aka pre-existing conditions. Think on this. #coronavirus #ACA #PreExistingConditions",https://twitter.com/LeighHill22/status/1307531083295023104,Thu Nov 15 23:08:18 +0000 2012,LeighHill22,false,"Worshipper of justice, hater of hypocrisy.",28368,262,1049,2,,Leigh Hill,LeighHill22,12957,,http://kochcandidate.com,false
,Sun Sep 20 04:04:13 +0000 2020,,,https://www.diramakini.co.tz/2020/09/zambia-has-cautioned-that-social-and.html,0,1307530981461688321,,,,en,,false,0,,,"<a href=""https://mobile.twitter.com"" rel=""nofollow"">Twitter Web App</a>",Zambia has cautioned that the social and economic hardships caused by the novel Coronavirus (Covid-19) may force parents and guardians in many economically distressed countries to marry off their girls https://t.co/uxvdrHZsGp,https://twitter.com/Diramakini24/status/1307530981461688321,Wed Mar 14 12:40:55 +0000 2012,Diramakini24,false,Diramakini is Tanzanian news media house established to play role in shaping the global agenda through telling true stories by delivering quick and in-depth.,18,535,887,5,"Dar es Saalam, Tanzania",Diramakini 24,Diramakini24,3660,,http://www.diramakini.co.tz,false
,Sun Sep 20 04:04:03 +0000 2020,,,,0,1307530938616885248,ricIsabelle,1307526638880657400,558839644,en,,,0,,,"<a href=""http://twitter.com/download/iphone"" rel=""nofollow"">Twitter for iPhone</a>",@ricIsabelle @BedardSebastien @guyalepage The data here track previously existing medical devices that are now classified by the World Customs Organization as critical to tackling COVID-19,https://twitter.com/boiss/status/1307530938616885248,Sun Apr 19 21:13:37 +0000 2009,boiss,false,"PHP, Rails & Javascript monkey",320,123,197,4,Trois-Rivieres,David Boissonnault,boiss,265,,https://www.stereo.ca/,false
,Sun Sep 20 04:04:57 +0000 2020,VoteThemAllOut2020,,https://twitter.com/stridinstrider/status/1307447367407489025,0,1307531167776694272,,,,en,,false,0,,,"<a href=""http://twitter.com/download/iphone"" rel=""nofollow"">Twitter for iPhone</a>",This is how much the @GOP cares about you. #VoteThemAllOut2020 https://t.co/ZE2V8jqSrh,https://twitter.com/VeroVidalOgg/status/1307531167776694272,Sun Dec 12 16:15:32 +0000 2010,VeroVidalOgg,false,"Curious creature. Life student. A little bit salsa y joropo, a little bit Indie Rock. I wax -mostly- political here. These views are unapologetically mine.",47405,176,834,2,United States,Vero üáªüá™üá∫üá∏,VeroVidalOgg,8323,,,false
,Sun Sep 20 04:04:52 +0000 2020,NewsAlert Lockdown Raipur Chattisgarh coronavirus BREAKING news NewsUpdate IndiaFightsCorona COVID19India Corona lockdownindia SundayThoughts SundayMorning StayHome,https://twitter.com/morningkashmir/status/1307531145685344258/photo/1,,2,1307531145685344258,,,,en,,false,1,,,"<a href=""http://twitter.com/download/iphone"" rel=""nofollow"">Twitter for iPhone</a>","#NewsAlert: #Lockdown will be imposed in #Raipur in #Chattisgarh from September 21 to 28 due to the  increase in #coronavirus cases.
@ROBRAIPUR 
#BREAKING #news #NewsUpdate #IndiaFightsCorona #COVID19India #Corona #lockdownindia #SundayThoughts #SundayMorning #StayHome https://t.co/qXreRB9pSu",https://twitter.com/morningkashmir/status/1307531145685344258,Thu Jun 16 12:56:05 +0000 2016,morningkashmir,false,"Follow us for news, photos, videos and the latest trends from India and around the world.",156,734,2398,1,"Kashmir, Jammu, Delhi, India",Morning Kashmir,morningkashmir,10852,,http://www.morningkashmir.com,false
,Sun Sep 20 04:04:36 +0000 2020,,,,0,1307531080493346816,,,,en,,,0,,,"<a href=""https://mobile.twitter.com"" rel=""nofollow"">Twitter Web App</a>",They're out here shooting at the cops and kidnapping children during a COVID19 Pandemic.,https://twitter.com/ChiefPrinceAdam/status/1307531080493346816,Thu Apr 01 14:22:28 +0000 2010,ChiefPrinceAdam,false,"1/2 Mohawk 1/2 Italian Film Maker, Musician, Editor-And-Chief, Super Producer, Author, Water Connoisseur

Booking: 856 524 2763 email back2thefresh@gmail.com",93,355,151,13,Out Of This World,"Duronn ""Justis"" James ""NEO"" & ""THE FLOOD"" OUT NOW!",ChiefPrinceAdam,55621,,https://linktr.ee/BACK2THEFRESH,false
,Sun Sep 20 04:05:07 +0000 2020,,,https://twitter.com/thaliyathrejin/status/1307380146043850752,1,1307531206553083905,,,,en,,false,0,,,"<a href=""http://twitter.com/download/iphone"" rel=""nofollow"">Twitter for iPhone</a>",Moreover it exhibited a huge difference between Indian players and overseas players in maintaining fitness and physique on and off field. @faf1307 you are awesome. Boundary line fielding can‚Äôt be better anymore! https://t.co/vOkEMeISqb,https://twitter.com/Midhun_Roy_K/status/1307531206553083905,Tue May 24 05:49:39 +0000 2016,Midhun_Roy_K,false,Aggregate Reports analyst at Pfizer.,367,34,233,0,"Kerala, INDIA",Midhun K. Roy,Midhun_Roy_K,80,,,false
,Sun Sep 20 04:04:16 +0000 2020,coronavirus COVID__19 Shimla Tourism Lockdown Himachal safety pandemic,https://twitter.com/sidhshuk/status/1307530995445325824/photo/1,,0,1307530995445325824,,,,en,,false,1,,,"<a href=""http://twitter.com/download/android"" rel=""nofollow"">Twitter for Android</a>","And it starts.The best way unfortunately to recognize tourists right now is to see who is not wearing a mask. Can only hope this will eventually be a minority and people will follow rules.

#coronavirus #COVID__19 #Shimla #Tourism #Lockdown #Himachal #safety #pandemic https://t.co/K7n6ZYOySg",https://twitter.com/sidhshuk/status/1307530995445325824,Mon Sep 02 11:53:20 +0000 2013,sidhshuk,false,Digital Leader & Mentor. Outside work i enjoy being an Amateur üë®‚Äçüåæ & Gardener |üì∑grapher | üõ∏logist | Foodie | AncientüëΩüë®‚ÄçüöÄ  | üêïlover.,150,258,50,6,India: NCR & Himachal Pradesh ,Sidharth Shukla,sidhshuk,1069,,,false
,Sun Sep 20 04:04:33 +0000 2020,,,,1,1307531066941599744,Nicholastweet12,1307530540413788200,893723862478794800,en,,,1,,,"<a href=""http://twitter.com/download/android"" rel=""nofollow"">Twitter for Android</a>",@Nicholastweet12 I'm not talking about Coronavirus Nicholas.,https://twitter.com/CodyHinken/status/1307531066941599744,Sun Aug 26 04:02:56 +0000 2018,CodyHinken,false,"Gamer, Anime nerd, aspiring Voice Actor. #TeamMonica #TeamMarchi
I have a major crush on @auroraiskira.

#RIPChadwickBoseman #WakandaForever",19367,108,1053,2,"Garden City, Michigan",Cody Hinken,CodyHinken,9651,,,false
,Sun Sep 20 04:04:01 +0000 2020,biotech biotech,,https://spectrumlocalnews.com/nc/triad/news/2020/09/10/experiment-suggests-nitric-oxide-inhibits-covid-virus?utm_source=dlvr.it&utm_medium=twitter,0,1307530932384010240,,,,en,,false,0,,,"<a href=""https://dlvrit.com/"" rel=""nofollow"">dlvr.it</a>",NC #biotech Firm Announces Promising COVID-19 Treatment - Spectrum News: NC #biotech Firm Announces Promising COVID-19 Treatment¬†¬†Spectrum News https://t.co/OKrLM6Cq7s,https://twitter.com/TobaccoCannabiz/status/1307530932384010240,Thu May 11 09:36:15 +0000 2017,TobaccoCannabiz,false,Best feed for the latest in: #Tobacco ‚Ä¢ #Nicotine ‚Ä¢ #Cannabis ‚Ä¢ #Marijuana ‚Ä¢ #Hemp ‚Ä¢ #Pot ‚Ä¢ #Biotech ‚Ä¢ #Health ‚Ä¢ #Research ‚Ä¢ #Legal ‚Ä¢ #Stocks ‚Ä¢ #News üå±,1,1617,4538,15,United States,Tobacco&CannabisNews,TobaccoCannabiz,8492,,https://twitter.com/TobaccoCannabiz,false
,Sun Sep 20 04:04:28 +0000 2020,Thailand Asia CoronaVirus Covid19 SarsCov2 Forecast,https://twitter.com/Covid19Stat/status/1307531043096997888/photo/1,https://covidstat.app/thailand,0,1307531043096997888,,,,en,,false,0,,,"<a href=""https://covidstat.spp"" rel=""nofollow"">COVID-19 Statistics</a>","#Thailand #Asia
  Cases: 3,506 (+6)
  Death: 59
  Recovered: 3,340 (+2)
  Critical: 1
  New %: 0.2% (+0.2%)
  Death %: 1.7%
  Population %: 0.0%
#CoronaVirus #Covid19 #SarsCov2
#Forecast https://t.co/OF4OUtA8EP https://t.co/MxvbWimDgy",https://twitter.com/Covid19Stat/status/1307531043096997888,Thu Mar 19 22:06:39 +0000 2020,Covid19Stat,false,"Live COVID-19 worldwide statistic updates and spread forecast.
Send a message via Telegram to: @SarsCov2LiveStatsBot to receive full updates!",0,6,77,1,,CovidStats,Covid19Stat,72362,,https://covidstat.app,false
,Sun Sep 20 04:04:16 +0000 2020,AI coronavirus,https://twitter.com/drpaulfriedman/status/1307530993033711622/photo/1,https://twitter.com/preventingCVD/status/1307469814370369539,2,1307530993033711622,,,,en,,false,2,,,"<a href=""http://twitter.com/download/iphone"" rel=""nofollow"">Twitter for iPhone</a>",These are early findings but hopefully this will prove to be a fast and easy way to stratify covid patients for their safety and for appropriate triage and resource utilization. #AI #coronavirus https://t.co/fV9VHIw5l7 https://t.co/9mRqPh8kd3,https://twitter.com/drpaulfriedman/status/1307530993033711622,Sat Mar 28 17:55:20 +0000 2009,drpaulfriedman,false,"Chair, Cardiovascular Medicine @MayoClinic, @MayoClinicCV; advancing patient care through integration and innovation: Tweets are my own",505,1651,236,18,"Rochester, MN","Paul Friedman, MD",drpaulfriedman,503,,,false
,Sun Sep 20 04:04:24 +0000 2020,,,https://bit.ly/3kAFPGO,0,1307531026936336386,,,,en,,false,0,,,"<a href=""https://www.echobox.com"" rel=""nofollow"">Echobox</a>","OLONGAPO CITY: A village worker and a number of city government employees in this city are reportedly among the 77 new coronavirus disease 2019 (Covid-19) cases, recorded on Thursday and Friday. Olongapo City Mayor Rolen Paulino Jr. announced he has ... https://t.co/i3Gv8lD9FP",https://twitter.com/TheManilaTimes/status/1307531026936336386,Thu Aug 06 07:56:49 +0000 2009,TheManilaTimes,false,"The Manila Times is one of the leading national daily broadsheets in the Philippines. It is the oldest newspaper, having been founded in 1898.",2573,97620,274,760,Philippines,The Manila Times,TheManilaTimes,78862,,http://www.manilatimes.net/,false
,Sun Sep 20 04:04:35 +0000 2020,,,,1,1307531075225223168,,,,en,,,1,,,"<a href=""http://twitter.com/download/android"" rel=""nofollow"">Twitter for Android</a>","üá∫üá∏ ‚ù§AMERICA,THEY STAND OUTSIDE MY APT. DOOR üö™&amp; üï∂HIDE INüñ§MAINTENANCE ROOM ABOVE MY APT.üï∂ WATCHING &amp; WAITINGüï∂ &amp; STALKING ME EVERYWHERE üï∂NO RESPONSE FROM PORTLAND NEWS ‚ù§ 2,üå∏6,üå∏8üñ§ü§†ARE YOU PART OF ""ONGOING COVID19üñ§AID$$$ üñ§GENOCIDEüñ§???‚ù§NO THEN RESPOND üìû 971 3W3 3772,",https://twitter.com/Jesusloveslgbt1/status/1307531075225223168,Thu May 14 21:18:54 +0000 2020,Jesusloveslgbt1,true,HERROWWW‚ù§I'm one of the Dolls in this big wonderful blue and green salad bowl of a Toy box üåé in da sky and I have a message for HUMANIT WE BEEN MURDEREDüò∑üëé,697,0,59,0,,Jesusloveslgbtq2@gmail.com,Jesusloveslgbt1,980,,,false
,Sun Sep 20 04:04:23 +0000 2020,,,,9,1307531024214249473,,,,en,,,2,,,"<a href=""https://mobile.twitter.com"" rel=""nofollow"">Twitter Web App</a>","There is a positive side to the coronavirus hoax. 
It has exposed the extent of Illuminati banker power
and confirms their intention to enslave humanity.
Anyone who promotes this fraud is under their control, 
a globalist traitor or a pathetic dupe. Like conartist @PhilMurphyNJ",https://twitter.com/GlenBrito2/status/1307531024214249473,Wed Jun 10 13:16:11 +0000 2020,GlenBrito2,false,Time to expose the fraud of COMMUNIST Democrats once and for all.,4817,901,1630,1,,Glen Brito,GlenBrito2,7950,,,false
,Sun Sep 20 04:04:23 +0000 2020,,,https://twitter.com/JesseOSheaMD/status/1307441647098109952,4,1307531025078157315,,,,en,,false,0,,,"<a href=""http://twitter.com/download/iphone"" rel=""nofollow"">Twitter for iPhone</a>",Wow so young &amp; bright. What a loss! https://t.co/jhWFmwWgxI,https://twitter.com/laseptiemewilay/status/1307531025078157315,Fri May 25 21:42:31 +0000 2012,laseptiemewilay,false,Commenting on the MENA region & political Islam. Tweets aren't a reflection of my views & RTs aren't endorsements,103581,3280,2167,78,,Tahar,laseptiemewilay,106681,,http://laseptiemewilaya.wordpress.com/,false
,Sun Sep 20 04:05:05 +0000 2020,,,https://www.nytimes.com/2020/07/27/science/coronavirus-retracted-studies-data.html,16,1307531201377427459,,,,en,,false,7,,,"<a href=""http://twitter.com/download/iphone"" rel=""nofollow"">Twitter for iPhone</a>",The Doctor Behind the Disputed Covid Data - The New York Times https://t.co/Kt4l2r24sM,https://twitter.com/smlungpathguy/status/1307531201377427459,Tue Mar 15 02:38:25 +0000 2016,smlungpathguy,false,"Dad. Director of Pulmonary Pathology at Cleveland Clinic. Associate Editor (Pulmonary), @AJCPJournal Author of lung pathology textbook. Opinions mine.",117365,17983,8346,228,"Cleveland, OH",Sanjay Mukhopadhyay,smlungpathguy,85542,,https://www.youtube.com/user/smurf3073,false
,Sun Sep 20 04:04:22 +0000 2020,,,https://www.smh.com.au/national/nsw/nsw-workers-get-pandemic-leave-as-state-records-first-covid-19-death-in-five-weeks-20200920-p55xe4.html,0,1307531020149731331,,,,en,,false,0,,,"<a href=""https://mobile.twitter.com"" rel=""nofollow"">Twitter Web App</a>",NSW workers get pandemic leave as state records first COVID-19 death in five weeks https://t.co/9HZGj0UKMO,https://twitter.com/EzequielTrumper/status/1307531020149731331,Sat May 23 00:28:58 +0000 2020,EzequielTrumper,false,Australian lawyer & broadcaster - Also a NZ & Argentine citizen- Back on Twitter. Radio Austral News Host. RT not endorsements.,530,223,588,1,Sydney NSW Australia,Ezequiel Trumper,EzequielTrumper,2107,,http://ezequieltrumper.com.au,false
,Sun Sep 20 04:04:02 +0000 2020,,,,0,1307530935672299523,,,,en,,,0,,,"<a href=""http://zla.biz"" rel=""nofollow"">Zla</a>","A fall ‚Äòtwindemic‚Äô? As US nears 200,000 coronavirus deaths, experts fear COVID-19, flu may be a deadly combo ‚Äì USA TODAY",https://twitter.com/zlabiz/status/1307530935672299523,Mon Aug 02 22:54:37 +0000 2010,zlabiz,false,Official Twitter Account of Zla (News Aggregation Website Providing Real Time News via Google Feeds from Thousands of News Sources Globally as It Happens ),0,66,42,1,Global,Zla Official,zlabiz,231800,,https://zla.biz,false
,Sun Sep 20 04:04:50 +0000 2020,covid19,,,0,1307531138655809536,QuesterMark,1307530881930854400,53449427,en,,,0,,,"<a href=""http://twitter.com/download/iphone"" rel=""nofollow"">Twitter for iPhone</a>",‚ÄúThat‚Äôs why locking down in March reduced the number of deaths in May. Why opening bars in May brought deaths right back up in July. ‚Äú #covid19,https://twitter.com/QuesterMark/status/1307531138655809536,Fri Jul 03 17:50:02 +0000 2009,QuesterMark,false,"Oddball. Permanent Misfit. [ he | him ] Texan.
""Hope, in reality, is the worst of all evils because it prolongs the torments of man."" Nietzsche",17228,393,2405,35,Where the West Begins,Mark,QuesterMark,23075,,http://instagram.com/questermark,false
,Sun Sep 20 04:04:22 +0000 2020,,,https://twitter.com/BillFOXLA/status/1307470157053218816,7,1307531017952006144,,,,en,,false,3,,,"<a href=""http://twitter.com/download/iphone"" rel=""nofollow"">Twitter for iPhone</a>",Glorious Party approved activity. https://t.co/RpXQMtasl3,https://twitter.com/Ron4California/status/1307531017952006144,Wed Jan 14 02:39:43 +0000 2009,Ron4California,false,Chairman 54th AD Republicans. Check our @LA_GOP recommendations at https://t.co/C1rJmG5cNK . Alter ego at @protectCulver,120139,14906,1232,108,"Culver City, CA",assassin journalist Ron Bassilian,Ron4California,85787,,http://ronfor37.org,true
,Sun Sep 20 04:04:06 +0000 2020,,,,0,1307530950734094336,,,,en,,,0,,,"<a href=""http://twitter.com/download/android"" rel=""nofollow"">Twitter for Android</a>",Coronavirus was made by our government buh was never meant to become a pandemic,https://twitter.com/808_ricky/status/1307530950734094336,Wed Mar 18 19:47:41 +0000 2020,808_ricky,false,,508,5,31,0,"Maryland, USA",SliqqyRicky ü•∂,808_ricky,569,,,false
,Sun Sep 20 04:04:37 +0000 2020,,,https://twitter.com/BeChangeToday/status/1307506665130987520,1,1307531080996712450,,,,en,,false,0,,,"<a href=""https://mobile.twitter.com"" rel=""nofollow"">Twitter Web App</a>",The fact that the GOP will ignore this batshit traitoros lunacy is terrifying. https://t.co/YMi6sMdkN0,https://twitter.com/HanKSmithGA/status/1307531080996712450,Sun Feb 03 00:15:36 +0000 2019,HanKSmithGA,false,"Had a high level security clearance. Computer guy, engineer, Democrat, #Biden/Harris2020 #goodtrouble #BLM #antifa #saveDemocracy",47845,780,1122,4,Bunker full of bourbon,Tech '79 #BLM #Biden/Harris 2020 #GoodTrouble,HanKSmithGA,25407,,,false
,Sun Sep 20 04:04:56 +0000 2020,,,https://twitter.com/JesseOSheaMD/status/1307441647098109952,1,1307531160860254209,,,,en,,false,0,,,"<a href=""https://mobile.twitter.com"" rel=""nofollow"">Twitter Web App</a>","Sadness is overwhelming life‚Äôs so unfair.
Thoughts and prayers for her family and loved ones. https://t.co/psCN5Dcq2o",https://twitter.com/Valeriosando/status/1307531160860254209,Fri May 25 13:51:04 +0000 2012,Valeriosando,false,,2780,13,139,0,"Scottsdale, AZ",Valerio Sandoval,Valeriosando,1859,,,false
,Sun Sep 20 04:04:23 +0000 2020,,,https://www.cnbc.com/2020/09/01/fauci-debunks-theories-of-low-cdc-coronavirus-death-toll-there-are-180000-plus-deaths-in-us.html,11,1307531022918193152,ryanstruyk,1307460261398356000,309822757,en,,false,2,,,"<a href=""https://mobile.twitter.com"" rel=""nofollow"">Twitter Web App</a>","@ryanstruyk @gtconway3d https://t.co/kwGlT1gqDY
‚ÄúThat does not mean that someone who has hypertension or diabetes who dies of Covid didn‚Äôt die of Covid-19. They did,‚Äù
As another MD explained, people rarely die of Cancer, they die of the organ failure caused by Cancer; the cancer killed them nonetheless.",https://twitter.com/allanpeda/status/1307531022918193152,Tue Mar 24 02:08:42 +0000 2009,allanpeda,false,boop/bop/beep,10812,362,697,0,"Brooklyn, New York",Allan Peda,allanpeda,17528,,,false
,Sun Sep 20 04:04:29 +0000 2020,DonaldDuck Eating locusts COVID19 Quarantine,https://twitter.com/BeauTeyMafia3D/status/1307531046984925184/photo/1,,1,1307531046984925184,nowthisnews,1307526899711631400,701725963,en,"Sacramento, CA",false,0,,,"<a href=""http://twitter.com/download/android"" rel=""nofollow"">Twitter for Android</a>","@nowthisnews I thought #DonaldDuck and his crew was supposed to be #Eating up all the #locusts ü¶óü¶Ü
Matter of fact where is all the locusts? ü§®
Did they #COVID19 #Quarantine too? üò∑ https://t.co/f087PqOCSF",https://twitter.com/BeauTeyMafia3D/status/1307531046984925184,Thu Mar 14 11:05:20 +0000 2019,BeauTeyMafia3D,false,"#iambeauteymafia #DontAssassinateMyCharacter  
Youüëäwon't¬†maliciously slander¬†anything I #Tweet cuz I won't allow it!
 *@beauteymafia HAD TO REMAKE NEW ACCOUNT*",3531,109,889,0,"Sacramento, CA",BeauTeyMafia Design's,BeauTeyMafia3D,3455,,https://www.instagram.com/beauteymafia,false
,Sun Sep 20 04:05:01 +0000 2020,nurses nursesmatter md COVID19 Physician,,https://twitter.com/JesseOSheaMD/status/1307441647098109952,6,1307531181806596101,,,,en,,false,0,,,"<a href=""https://mobile.twitter.com"" rel=""nofollow"">Twitter Web App</a>",We are her...... Among healthcare this is a mostly silent epidemic. COVID is slowly gutting the physician and nursing ranks from within and we were already short before. The next roll around there may not be enough #nurses #nursesmatter #md #COVID19  #Physician https://t.co/LSgn7UmiSN,https://twitter.com/cvvhrn/status/1307531181806596101,Tue Jan 13 04:21:13 +0000 2009,cvvhrn,false,"AvGeek, Pediatric Transport Nurse Specialist (RNTS) Ground/Rotor/Fixed I spot at Moffett, Plant 42, Edwards, Jedi, Photos are mine unless noted",18824,1124,1817,9,"Palo Alto, CA",cvvhrn,cvvhrn,7591,,http://www.abovetopsecret.com,false
,Sun Sep 20 04:05:03 +0000 2020,COVID19 SmartDissent CDC TrumpVirus TrumpLiedAmericansDied GOPCorruptionOverCountry,https://twitter.com/smartdissent/status/1307531191290138624/photo/1,http://smartdissent.com/article/trump-officials-interfering-cdcs-vital-covid-19-reports,3,1307531191290138624,,,,en,,false,4,,,"<a href=""https://www.hootsuite.com"" rel=""nofollow"">Hootsuite Inc.</a>",NEW: Trump Officials Interfering with @CDCgov's Vital #COVID19 Reports. READ: https://t.co/iso6iED7l6 #SmartDissent #CDC #TrumpVirus #TrumpLiedAmericansDied #GOPCorruptionOverCountry https://t.co/lbIugbOxBG,https://twitter.com/smartdissent/status/1307531191290138624,Thu Feb 02 02:34:50 +0000 2017,smartdissent,false,Be Smart. Stay Informed. Actively Dissent. Database of Trump & GOP actions by topic. #SmartDissent #VoteBlueNoMatterWho #ImpeachedForLife #TrumpVirus #BLM,20151,57470,53249,183,America,SmartDissent.com,smartdissent,237184,,http://www.smartdissent.com,false
,Sun Sep 20 04:04:57 +0000 2020,,https://twitter.com/Mel83548517/status/1307531168041050113/photo/1,,0,1307531168041050113,piersmorgan,1307423362881331200,216299334,en,,false,0,,,"<a href=""http://twitter.com/download/iphone"" rel=""nofollow"">Twitter for iPhone</a>","@piersmorgan Not top of the league at all. But, you are top of the league of the Covid Shitting Yourself Coronavirus Scaremongering League though ya pussy ü§£ https://t.co/cRE0aRgvf0",https://twitter.com/Mel83548517/status/1307531168041050113,Fri Sep 04 13:21:51 +0000 2020,Mel83548517,false,"Just me. Opinionated. Dad, Husband, Dog lover, EFC & Welsh rugby.",1495,193,444,1,"Katy, TX",Mel,Mel83548517,710,,,false
,Sun Sep 20 04:04:52 +0000 2020,Japan Tokyo Tourism Coronavirus,,,0,1307531146385928197,,,,en,,,0,,,"<a href=""http://twitter.com/download/android"" rel=""nofollow"">Twitter for Android</a>","#Japan #Tokyo #Tourism #Coronavirus

Japan registered around 8,700 tourists this August, 99.7 percent fewer than in August last year.  This was shown by current data from the government on Friday.  Nevertheless, the number of tourists continues to increase from month to month.",https://twitter.com/Xy5Z89/status/1307531146385928197,Sun Mar 17 19:44:58 +0000 2019,Xy5Z89,false,"A german üá©üá™ , pro Europe üá™üá∫ and pro Israel üáÆüá±. Against Racism. Infos to (most) earthquakes higher then 5. News focus: Coronavirus, Germany, world, Israel.",54492,1440,512,16,"Deutschland, EU ",Xy5Z89üá©üá™üá™üá∫,Xy5Z89,71066,,,false
,Sun Sep 20 04:05:07 +0000 2020,RuthBaderGinsburg COVID19 Biden2020 BidenHarris2020ToSaveAmerica,https://twitter.com/axidentaliberal/status/1307531206599356416/photo/1,,60,1307531206599356416,,,,en,,false,46,,,"<a href=""http://twitter.com/download/iphone"" rel=""nofollow"">Twitter for iPhone</a>","While we mourn the death of #RuthBaderGinsburg

And fear what the GOP will do next

Americans continue to die of #COVID19

While the ""president"" does nothing about it

Vote #Biden2020 
#BidenHarris2020ToSaveAmerica https://t.co/JUOZMwBi3G",https://twitter.com/axidentaliberal/status/1307531206599356416,Tue Jan 31 00:31:08 +0000 2017,axidentaliberal,false,"Social Security/Workers Comp attorney & patriot passionate abt human rights. Vice Chair, Lawyers for Good Govt. Advisory Board #DemCast. Tweets mine. #L4GG",53333,26901,15564,118,,Adam Cohen Lawyers for Good Government #DemCast,axidentaliberal,75052,,http://lawyersforgoodgovernment.org,false
,Sun Sep 20 04:04:45 +0000 2020,Covid_19 Mumbai Pune Maharshtra,,https://bit.ly/3kvTRt4,9,1307531117193433089,,,,en,,false,2,,,"<a href=""https://about.twitter.com/products/tweetdeck"" rel=""nofollow"">TweetDeck</a>","COVID-19 latest updates: Maharashtra recoveries outnumber new infections; 425 deaths

#Covid_19 #Mumbai #Pune #Maharshtra 

https://t.co/SIOJEdpuAb",https://twitter.com/MumbaiMirror/status/1307531117193433089,Wed Dec 05 11:37:45 +0000 2012,MumbaiMirror,false,India's largest compact newspaper.,465,390559,233,433,"Mumbai, India",Mumbai Mirror,MumbaiMirror,74057,,https://mumbaimirror.indiatimes.com,true
,Sun Sep 20 04:04:57 +0000 2020,covid19,,,0,1307531166677970945,,,,en,,,0,,,"<a href=""http://twitter.com/download/android"" rel=""nofollow"">Twitter for Android</a>",200 000 deaths.  #covid19,https://twitter.com/llc_ascension/status/1307531166677970945,Sun Sep 20 00:19:39 +0000 2020,llc_ascension,false,,0,0,0,0,,Ascension Diagnostics LLC,llc_ascension,3,,,false
,Sun Sep 20 04:04:15 +0000 2020,,,https://twitter.com/americangirlsas/status/1307056892888391680,16,1307530990932418560,GShapiro9News,1302946324602642400,153108145,en,,true,6,,,"<a href=""http://twitter.com/download/iphone"" rel=""nofollow"">Twitter for iPhone</a>","@GShapiro9News @trevifella @9NEWS Liar. These are heart attacks and cancer deaths... influenza deaths, a few thousand suicides and accidental deaths.  üëáüëáüëáüëáüëáüëáüëáüëáüëáüëáüëá https://t.co/1y7GWSaEHD",https://twitter.com/americangirlsas/status/1307530990932418560,Wed Sep 28 04:55:26 +0000 2016,americangirlsas,false,"Fair is where you start; where you end up, is entirely up to you. #WalkAway #Blexit #WomenForTrump üá∫üá∏#ChooseLife #BackTheBlue #SaveTheChildren #MAGAforALL",60411,2067,2564,6,"Colorado, USA",Americanüá∫üá∏Girl‚≠êÔ∏è‚≠êÔ∏è‚≠êÔ∏è,americangirlsas,77964,,,false
